Run, Time Trad, Time ToA, Time First ASP, Time Second ASP, Plan Length Trad, Activity Length ToA, New Activity, Activity Name, Number Activities, Conditions Index, Goal,Goal Holds
1,0,5.022378,0.459335,4.562515,0,20,True,1,1,1,tidy_all(library),False
2,0,9.627877,0.375526,9.251904,0,18,True,2,2,2,tidy_all(library),False
3,0,15.133373,0.511895,14.621013,0,16,True,3,3,3,tidy_all(library),False
4,0,31.323991,0.42618,30.897304,0,14,True,4,4,4,tidy_all(library),False
5,0,40.964686,0.33778,40.626443,0,12,True,5,5,5,tidy_all(library),False
6,0,0.49654,0.496092,0,0,8,False,5,5,6,tidy_all(library),False
7,0,7.46528,0.365721,7.098951,0,18,True,6,6,7,tidy_all(library),False
8,0,7.842865,0.366776,7.475352,0,18,True,7,7,8,tidy_all(library),False
9,0,14.568498,0.590505,13.977356,0,16,True,8,8,9,tidy_all(library),False
10,0,28.272759,0.426797,27.845429,0,14,True,9,9,10,tidy_all(library),False
11,0,22.729472,0.430256,22.298615,0,12,True,10,10,11,tidy_all(library),False
12,0,0.663322,0.662901,0,0,8,False,8,10,12,tidy_all(library),False
13,0,17.987997,0.554786,17.432678,0,16,True,11,11,13,tidy_all(library),False
14,0,21.507933,0.692481,20.814437,0,16,True,12,12,14,tidy_all(library),False
15,0,25.998981,0.539359,25.458753,0,16,True,13,13,15,tidy_all(library),False
16,0,30.611949,0.440677,30.170782,0,14,True,14,14,16,tidy_all(library),False
17,0,23.783662,0.470473,23.312683,0,12,True,15,15,17,tidy_all(library),False
18,0,0.764501,0.764142,0,0,8,False,14,15,18,tidy_all(library),False
19,0,41.462535,0.447734,41.01421,0,14,True,16,16,19,tidy_all(library),False
20,0,26.604275,0.768605,25.83496,0,14,True,17,17,20,tidy_all(library),False
21,0,32.525648,0.579094,31.945895,0,14,True,18,18,21,tidy_all(library),False
22,0,41.108878,0.852001,40.256082,0,14,True,19,19,22,tidy_all(library),False
23,0,35.506738,0.849219,34.656838,0,12,True,20,20,23,tidy_all(library),False
24,0,0.68372,0.683421,0,0,8,False,20,20,24,tidy_all(library),False
25,0,34.539514,0.597694,33.941215,0,12,True,21,21,25,tidy_all(library),False
26,0,24.063739,0.887169,23.175971,0,12,True,22,22,26,tidy_all(library),False
27,0,35.505455,0.671054,34.833809,0,12,True,23,23,27,tidy_all(library),False
28,0,29.684073,0.679994,29.003305,0,12,True,24,24,28,tidy_all(library),False
29,0,31.541713,0.954755,30.586384,0,12,True,25,25,29,tidy_all(library),False
30,0,1.138362,0.500019,0.637756,0,8,True,26,26,30,tidy_all(library),False
31,0,1.015496,1.015158,0,0,8,False,16,26,31,tidy_all(library),False
32,0,1.332563,1.332304,0,0,8,False,17,26,32,tidy_all(library),False
33,0,0.942238,0.941983,0,0,8,False,18,26,33,tidy_all(library),False
34,0,0.921097,0.920834,0,0,8,False,24,26,34,tidy_all(library),False
35,0,1.375149,1.374811,0,0,8,False,25,26,35,tidy_all(library),False
36,0,0.751517,0.751162,0,0,0,False,0,26,36,tidy_all(library),True
37,0,4.065143,0.622946,3.441537,0,21,True,27,27,37,tidy_all(library),False
38,0,9.231503,0.920126,8.310595,0,19,True,28,28,38,tidy_all(library),False
39,0,14.748963,0.686898,14.061408,0,17,True,29,29,39,tidy_all(library),False
40,0,29.093157,1.24309,27.84816,0,15,True,30,30,40,tidy_all(library),False
41,0,29.958774,1.570123,28.387545,0,13,True,31,31,41,tidy_all(library),False
42,0,0.864589,0.864324,0,0,9,False,30,31,42,tidy_all(library),False
43,0,9.506775,0.873268,8.632933,0,19,True,32,32,43,tidy_all(library),False
44,0,30.512681,1.092844,29.419249,0,17,True,33,33,44,tidy_all(library),False
45,0,56.085688,0.974476,55.110589,0,15,True,34,34,45,tidy_all(library),False
46,0,66.414707,0.74632,65.66754,0,13,True,35,35,46,tidy_all(library),False
47,0,38.736909,1.001536,37.734792,0,11,True,36,36,47,tidy_all(library),False
48,0,1.062909,1.062585,0,0,7,False,35,36,48,tidy_all(library),False
49,0,14.206371,1.206537,12.999143,0,17,True,37,37,49,tidy_all(library),False
50,0,56.97914,0.872782,56.105752,0,15,True,38,38,50,tidy_all(library),False
51,0,93.821413,0.966783,92.854048,0,15,True,39,39,51,tidy_all(library),False
52,0,49.637148,0.94613,48.689646,0,13,True,40,40,52,tidy_all(library),False
53,0,34.010888,1.186069,32.823905,0,11,True,41,41,53,tidy_all(library),False
54,0,1.360353,1.360042,0,0,7,False,39,41,54,tidy_all(library),False
55,0,27.294685,0.805362,26.488652,0,15,True,42,42,55,tidy_all(library),False
56,0,70.155014,1.330831,68.823489,0,13,True,43,43,56,tidy_all(library),False
57,0,55.789803,1.124479,54.664706,0,13,True,44,44,57,tidy_all(library),False
58,0,56.134208,0.856453,55.276873,0,13,True,45,45,58,tidy_all(library),False
59,0,87.809978,1.129114,86.679992,0,11,True,46,46,59,tidy_all(library),False
60,0,1.409197,1.408663,0,0,7,False,46,46,60,tidy_all(library),False
61,0,30.321041,1.347557,28.972747,0,13,True,47,47,61,tidy_all(library),False
62,0,40.04892,1.105202,38.9427,0,11,True,48,48,62,tidy_all(library),False
63,0,55.837202,1.179579,54.656972,0,11,True,49,49,63,tidy_all(library),False
64,0,36.401472,1.398426,35.000222,0,11,True,50,50,64,tidy_all(library),False
65,0,54.866597,1.001883,53.863487,0,11,True,51,51,65,tidy_all(library),False
66,0,1.782445,1.782059,0,0,7,False,51,51,66,tidy_all(library),False
67,0,1.28844,1.288072,0,0,9,False,37,51,67,tidy_all(library),False
68,0,1.518646,1.51819,0,0,7,False,33,51,68,tidy_all(library),False
69,0,1.837152,1.83679,0,0,7,False,49,51,69,tidy_all(library),False
70,0,1.864637,1.864224,0,0,7,False,50,51,70,tidy_all(library),False
71,0,2.159682,1.266077,0.892695,0,7,True,52,52,71,tidy_all(library),False
72,0,1.197253,1.196731,0,0,0,False,0,52,72,tidy_all(library),True
73,0,3.244571,1.155072,2.088312,0,22,True,53,53,73,tidy_all(library),False
74,0,6.827521,1.269684,5.557263,0,20,True,54,54,74,tidy_all(library),False
75,0,1.332895,1.332563,0,0,20,False,1,54,75,tidy_all(library),False
76,0,19.745022,1.622452,18.121882,0,16,True,55,55,76,tidy_all(library),False
77,0,23.417372,1.643389,21.773226,0,14,True,56,56,77,tidy_all(library),False
78,0,2.695933,2.695498,0,0,10,False,53,56,78,tidy_all(library),False
79,0,7.007834,2.046474,4.959649,0,20,True,57,57,79,tidy_all(library),False
80,0,2.098158,2.097767,0,0,18,False,7,57,80,tidy_all(library),False
81,0,1.752792,1.7524,0,0,16,False,8,57,81,tidy_all(library),False
82,0,1.927945,1.927564,0,0,14,False,9,57,82,tidy_all(library),False
83,0,1.817877,1.817468,0,0,12,False,10,57,83,tidy_all(library),False
84,0,1.709321,1.709002,0,0,8,False,9,57,84,tidy_all(library),False
85,0,11.245007,1.625957,9.618388,0,18,True,58,58,85,tidy_all(library),False
86,0,1.868547,1.868223,0,0,16,False,12,58,86,tidy_all(library),False
87,0,1.917409,1.91684,0,0,16,False,11,58,87,tidy_all(library),False
88,0,1.80089,1.800416,0,0,14,False,4,58,88,tidy_all(library),False
89,0,2.072475,2.071769,0,0,12,False,15,58,89,tidy_all(library),False
90,0,1.838719,1.838314,0,0,6,False,58,58,90,tidy_all(library),False
91,0,18.787262,1.498163,17.288333,0,16,True,59,59,91,tidy_all(library),False
92,0,1.910119,1.909707,0,0,14,False,17,59,92,tidy_all(library),False
93,0,1.934837,1.934448,0,0,14,False,18,59,93,tidy_all(library),False
94,0,1.826837,1.826221,0,0,14,False,19,59,94,tidy_all(library),False
95,0,1.57314,1.572506,0,0,12,False,20,59,95,tidy_all(library),False
96,0,1.877949,1.877566,0,0,8,False,20,59,96,tidy_all(library),False
97,0,20.34245,2.126993,18.214568,0,14,True,60,60,97,tidy_all(library),False
98,0,2.282627,2.282365,0,0,12,False,22,60,98,tidy_all(library),False
99,0,2.081776,2.081425,0,0,12,False,21,60,99,tidy_all(library),False
100,0,1.855147,1.854748,0,0,12,False,24,60,100,tidy_all(library),False
101,0,1.790201,1.789761,0,0,12,False,25,60,101,tidy_all(library),False
102,0,1.900959,1.900479,0,0,8,False,26,60,102,tidy_all(library),False
103,0,1.699286,1.69895,0,0,10,False,57,60,103,tidy_all(library),False
104,0,1.977984,1.977073,0,0,8,False,17,60,104,tidy_all(library),False
105,0,2.198897,2.198449,0,0,8,False,6,60,105,tidy_all(library),False
106,0,1.983725,1.983346,0,0,8,False,24,60,106,tidy_all(library),False
107,0,1.666636,1.666136,0,0,8,False,25,60,107,tidy_all(library),False
108,0,1.091422,1.091116,0,0,0,False,0,60,108,tidy_all(library),True
109,0,3.172064,1.548418,1.622506,0,23,True,61,61,109,tidy_all(library),False
110,0,4.336168,1.639178,2.696196,0,21,True,62,62,110,tidy_all(library),False
111,0,9.555806,1.518948,8.035637,0,19,True,63,63,111,tidy_all(library),False
112,0,2.023545,2.023166,0,0,19,False,28,63,112,tidy_all(library),False
113,0,16.480198,1.618409,14.860865,0,15,True,64,64,113,tidy_all(library),False
114,0,2.261959,2.261605,0,0,11,False,63,64,114,tidy_all(library),False
115,0,4.803334,1.668121,3.132751,0,21,True,65,65,115,tidy_all(library),False
116,0,14.282334,1.867487,12.413754,0,19,True,66,66,116,tidy_all(library),False
117,0,43.294016,2.651319,40.641965,0,17,True,67,67,117,tidy_all(library),False
118,0,2.923197,2.92282,0,0,17,False,33,67,118,tidy_all(library),False
119,0,71.645583,2.933778,68.710991,0,13,True,68,68,119,tidy_all(library),False
120,0,3.425459,3.424785,0,0,9,False,66,68,120,tidy_all(library),False
121,0,11.268934,2.822544,8.44462,0,19,True,69,69,121,tidy_all(library),False
122,0,39.573008,2.436386,37.135339,0,17,True,70,70,122,tidy_all(library),False
123,0,2.697499,2.696893,0,0,15,False,39,70,123,tidy_all(library),False
124,0,3.164208,3.16379,0,0,13,False,40,70,124,tidy_all(library),False
125,0,3.066776,3.06638,0,0,11,False,41,70,125,tidy_all(library),False
126,0,4.000099,3.999709,0,0,7,False,39,70,126,tidy_all(library),False
127,0,19.898331,2.999008,16.898613,0,17,True,71,71,127,tidy_all(library),False
128,0,60.121726,2.632462,57.4885,0,15,True,72,72,128,tidy_all(library),False
129,0,2.287973,2.2876,0,0,13,False,44,72,129,tidy_all(library),False
130,0,2.37728,2.376919,0,0,13,False,43,72,130,tidy_all(library),False
131,0,2.594032,2.593434,0,0,11,False,36,72,131,tidy_all(library),False
132,0,2.405423,2.404893,0,0,5,False,71,72,132,tidy_all(library),False
133,0,21.637741,2.109039,19.527675,0,15,True,73,73,133,tidy_all(library),False
134,0,48.865293,1.959131,46.905221,0,13,True,74,74,134,tidy_all(library),False
135,0,2.543685,2.543225,0,0,11,False,49,74,135,tidy_all(library),False
136,0,2.59714,2.596637,0,0,11,False,48,74,136,tidy_all(library),False
137,0,2.65166,2.651213,0,0,11,False,51,74,137,tidy_all(library),False
138,0,2.270907,2.270449,0,0,7,False,51,74,138,tidy_all(library),False
139,0,3.023462,3.022996,0,0,11,False,65,74,139,tidy_all(library),False
140,0,2.690611,2.689839,0,0,9,False,62,74,140,tidy_all(library),False
141,0,2.643911,2.643314,0,0,7,False,49,74,141,tidy_all(library),False
142,0,2.845576,2.844071,0,0,7,False,33,74,142,tidy_all(library),False
143,0,2.265813,2.265231,0,0,7,False,52,74,143,tidy_all(library),False
144,0,1.349833,1.349472,0,0,0,False,0,74,144,tidy_all(library),True
145,0,3.490959,1.557324,1.932694,0,24,True,75,75,145,tidy_all(library),False
146,0,3.744454,1.518866,2.224719,0,22,True,76,76,146,tidy_all(library),False
147,0,6.83363,1.778307,5.054669,0,20,True,77,77,147,tidy_all(library),False
148,0,10.087973,2.125656,7.961393,0,18,True,78,78,148,tidy_all(library),False
149,0,15.259692,2.202673,13.056069,0,16,True,79,79,149,tidy_all(library),False
150,0,2.746983,2.74658,0,0,12,False,77,79,150,tidy_all(library),False
151,0,3.640226,1.793468,1.84589,0,22,True,80,80,151,tidy_all(library),False
152,0,5.682688,2.002592,3.679119,0,20,True,81,81,152,tidy_all(library),False
153,0,14.357705,2.096332,12.260397,0,18,True,82,82,153,tidy_all(library),False
154,0,32.561218,2.562461,29.997756,0,16,True,83,83,154,tidy_all(library),False
155,0,69.025066,2.741232,66.282988,0,14,True,84,84,155,tidy_all(library),False
156,0,3.034284,3.033785,0,0,10,False,84,84,156,tidy_all(library),False
157,0,5.396417,2.519111,2.876418,0,20,True,85,85,157,tidy_all(library),False
158,0,15.158628,2.445623,12.710319,0,18,True,86,86,158,tidy_all(library),False
159,0,50.040418,2.588564,47.450466,0,16,True,87,87,159,tidy_all(library),False
160,0,88.590167,3.79034,84.798823,0,14,True,88,88,160,tidy_all(library),False
161,0,92.042492,2.780482,89.261268,0,12,True,89,89,161,tidy_all(library),False
162,0,3.284819,3.284432,0,0,8,False,85,89,162,tidy_all(library),False
163,0,9.484515,2.809323,6.674215,0,18,True,90,90,163,tidy_all(library),False
164,0,28.888929,3.195509,25.692628,0,16,True,91,91,164,tidy_all(library),False
165,0,71.303657,2.772764,68.530084,0,14,True,92,92,165,tidy_all(library),False
166,0,84.028007,3.412235,80.614486,0,12,True,93,93,166,tidy_all(library),False
167,0,60.154187,3.574611,56.575896,0,10,True,94,94,167,tidy_all(library),False
168,0,3.003525,3.003065,0,0,6,False,93,94,168,tidy_all(library),False
169,0,3.683236,3.6827,0,0,18,False,58,94,169,tidy_all(library),False
170,0,55.137853,2.93706,52.199875,0,14,True,95,95,170,tidy_all(library),False
171,0,83.696377,3.152778,80.54276,0,12,True,96,96,171,tidy_all(library),False
172,0,51.403252,3.535351,47.867062,0,10,True,97,97,172,tidy_all(library),False
173,0,20.942734,3.565229,17.373257,0,8,True,98,98,173,tidy_all(library),False
174,0,4.800826,4.800172,0,0,4,False,96,98,174,tidy_all(library),False
175,0,4.066142,4.065096,0,0,12,False,80,98,175,tidy_all(library),False
176,0,3.286014,3.28506,0,0,10,False,91,98,176,tidy_all(library),False
177,0,5.091973,5.091413,0,0,8,False,87,98,177,tidy_all(library),False
178,0,4.375275,4.374871,0,0,6,False,78,98,178,tidy_all(library),False
179,0,4.170079,4.16965,0,0,4,False,94,98,179,tidy_all(library),False
180,0,1.952987,1.952597,0,0,0,False,0,98,180,tidy_all(library),True
181,0,3.467784,2.565204,0.901622,0,25,True,99,99,181,tidy_all(library),False
182,0,3.972124,2.673887,1.294782,0,23,True,100,100,182,tidy_all(library),False
183,0,4.626257,3.235897,1.389286,0,21,True,101,101,183,tidy_all(library),False
184,0,5.908619,3.446746,2.461074,0,19,True,102,102,184,tidy_all(library),False
185,0,6.997817,3.31826,3.678549,0,17,True,103,103,185,tidy_all(library),False
186,0,5.310145,5.309731,0,0,13,False,100,103,186,tidy_all(library),False
187,0,4.751868,3.479739,1.271007,0,23,True,104,104,187,tidy_all(library),False
188,0,5.187509,3.296562,1.890014,0,21,True,105,105,188,tidy_all(library),False
189,0,7.001181,3.839901,3.160178,0,19,True,106,106,189,tidy_all(library),False
190,0,9.262325,3.741626,5.519286,0,17,True,107,107,190,tidy_all(library),False
191,0,10.493241,4.901416,5.590899,0,15,True,108,108,191,tidy_all(library),False
192,0,4.538158,4.537715,0,0,11,False,106,108,192,tidy_all(library),False
193,0,5.081651,3.564125,1.51663,0,21,True,109,109,193,tidy_all(library),False
194,0,8.175157,4.669835,3.504501,0,19,True,110,110,194,tidy_all(library),False
195,0,12.74763,4.258216,8.488415,0,17,True,111,111,195,tidy_all(library),False
196,0,19.649948,3.811315,15.837729,0,15,True,112,112,196,tidy_all(library),False
197,0,26.288336,4.702409,21.584866,0,13,True,113,113,197,tidy_all(library),False
198,0,7.070215,7.069581,0,0,9,False,112,113,198,tidy_all(library),False
199,0,6.554085,4.363112,2.189931,0,19,True,114,114,199,tidy_all(library),False
200,0,9.841411,4.170062,5.670276,0,17,True,115,115,200,tidy_all(library),False
201,0,13.691176,3.715871,9.974233,0,15,True,116,116,201,tidy_all(library),False
202,0,29.243758,6.533213,22.709478,0,13,True,117,117,202,tidy_all(library),False
203,0,28.65106,5.32345,23.326664,0,11,True,118,118,203,tidy_all(library),False
204,0,5.03411,5.033778,0,0,7,False,118,118,204,tidy_all(library),False
205,0,7.021291,3.805552,3.214825,0,17,True,119,119,205,tidy_all(library),False
206,0,14.870756,4.362525,10.507402,0,15,True,120,120,206,tidy_all(library),False
207,0,28.502406,5.408339,23.092715,0,13,True,121,121,207,tidy_all(library),False
208,0,36.376743,3.540865,32.834856,0,11,True,122,122,208,tidy_all(library),False
209,0,10.211563,5.817333,4.393267,0,9,True,123,123,209,tidy_all(library),False
210,0,8.102077,8.101578,0,0,5,False,123,123,210,tidy_all(library),False
211,0,5.33749,5.336896,0,0,13,False,104,123,211,tidy_all(library),False
212,0,4.944969,4.944246,0,0,11,False,115,123,212,tidy_all(library),False
213,0,5.042303,5.041235,0,0,9,False,111,123,213,tidy_all(library),False
214,0,5.613654,5.610097,0,0,7,False,117,123,214,tidy_all(library),False
215,0,8.07935,5.246687,2.831714,0,5,True,124,124,215,tidy_all(library),False
216,0,2.450978,2.450668,0,0,0,False,0,124,216,tidy_all(library),True
217,0,9.670949,3.427503,6.242459,0,19,True,125,125,217,tidy_all(library),False
218,0,11.175275,3.253355,7.920846,0,17,True,126,126,218,tidy_all(library),False
219,0,20.493035,4.127526,16.364559,0,15,True,127,127,219,tidy_all(library),False
220,0,22.680522,5.423926,17.255609,0,13,True,128,128,220,tidy_all(library),False
221,0,28.724257,4.262836,24.460289,0,11,True,129,129,221,tidy_all(library),False
222,0,9.274415,9.273892,0,0,7,False,128,129,222,tidy_all(library),False
223,0,18.789983,5.767253,13.019225,0,17,True,130,130,223,tidy_all(library),False
224,0,16.789953,4.422215,12.364882,0,17,True,131,131,224,tidy_all(library),False
225,0,20.550859,5.998761,14.550862,0,15,True,132,132,225,tidy_all(library),False
226,0,33.856048,3.959828,29.895272,0,13,True,133,133,226,tidy_all(library),False
227,0,41.548792,5.086263,36.461638,0,11,True,134,134,227,tidy_all(library),False
228,0,6.523234,6.522634,0,0,7,False,133,134,228,tidy_all(library),False
229,0,21.939,4.589597,17.348248,0,15,True,135,135,229,tidy_all(library),False
230,0,27.470865,4.751791,22.718202,0,15,True,136,136,230,tidy_all(library),False
231,0,27.083822,5.058553,22.024356,0,15,True,137,137,231,tidy_all(library),False
232,0,34.331854,6.704774,27.626199,0,13,True,138,138,232,tidy_all(library),False
233,0,36.084169,5.012446,31.069952,0,11,True,139,139,233,tidy_all(library),False
234,0,7.821724,7.821212,0,0,7,False,138,139,234,tidy_all(library),False
235,0,44.178067,8.190598,35.986331,0,13,True,140,140,235,tidy_all(library),False
236,0,31.873566,8.386877,23.485852,0,13,True,141,141,236,tidy_all(library),False
237,0,21.299088,8.043596,13.254535,0,13,True,142,142,237,tidy_all(library),False
238,0,26.815841,6.197865,20.61687,0,13,True,143,143,238,tidy_all(library),False
239,0,50.563039,8.03934,42.522695,0,11,True,144,144,239,tidy_all(library),False
240,0,11.853033,11.852575,0,0,7,False,144,144,240,tidy_all(library),False
241,0,40.695422,9.575035,31.119282,0,11,True,145,145,241,tidy_all(library),False
242,0,41.813279,10.117352,31.694621,0,11,True,146,146,242,tidy_all(library),False
243,0,38.841616,7.015439,31.825035,0,11,True,147,147,243,tidy_all(library),False
244,0,30.80175,5.882202,24.918666,0,11,True,148,148,244,tidy_all(library),False
245,0,24.119144,8.53477,15.58349,0,11,True,149,149,245,tidy_all(library),False
246,0,6.453646,6.030482,0.422314,0,7,True,150,150,246,tidy_all(library),False
247,0,9.796578,9.796125,0,0,7,False,130,150,247,tidy_all(library),False
248,0,10.96534,10.964569,0,0,7,False,146,150,248,tidy_all(library),False
249,0,8.275797,8.275192,0,0,7,False,147,150,249,tidy_all(library),False
250,0,7.757429,7.756893,0,0,7,False,148,150,250,tidy_all(library),False
251,0,7.864738,7.864259,0,0,7,False,149,150,251,tidy_all(library),False
252,0,3.013361,3.011103,0,0,0,False,0,150,252,tidy_all(library),True
253,0,8.020487,4.324954,3.694487,0,20,True,151,151,253,tidy_all(library),False
254,0,15.999929,9.58689,6.412038,0,18,True,152,152,254,tidy_all(library),False
255,0,17.110724,6.845543,10.263986,0,16,True,153,153,255,tidy_all(library),False
256,0,18.326236,6.787454,11.537609,0,14,True,154,154,256,tidy_all(library),False
257,0,30.031805,10.438455,19.592447,0,12,True,155,155,257,tidy_all(library),False
258,0,7.529407,7.528811,0,0,8,False,151,155,258,tidy_all(library),False
259,0,14.795415,6.145714,8.648699,0,18,True,156,156,259,tidy_all(library),False
260,0,26.644021,7.556386,19.086635,0,16,True,157,157,260,tidy_all(library),False
261,0,39.787783,12.787507,26.999291,0,14,True,158,158,261,tidy_all(library),False
262,0,78.581823,11.397018,67.183691,0,12,True,159,159,262,tidy_all(library),False
263,0,56.684189,12.210009,44.473045,0,10,True,160,160,263,tidy_all(library),False
264,0,15.827647,15.826881,0,0,6,False,160,160,264,tidy_all(library),False
265,0,18.374958,9.717136,8.656714,0,16,True,161,161,265,tidy_all(library),False
266,0,36.008151,8.871544,27.135347,0,14,True,162,162,266,tidy_all(library),False
267,0,43.009072,14.559271,28.448389,0,14,True,163,163,267,tidy_all(library),False
268,0,56.290485,9.230076,47.059246,0,12,True,164,164,268,tidy_all(library),False
269,0,53.888653,12.694098,41.193075,0,10,True,165,165,269,tidy_all(library),False
270,0,19.118969,19.118314,0,0,6,False,164,165,270,tidy_all(library),False
271,0,28.198297,14.474207,13.723029,0,14,True,166,166,271,tidy_all(library),False
272,0,71.685554,17.516495,54.166266,0,12,True,167,167,272,tidy_all(library),False
273,0,82.693813,15.58357,67.10886,0,12,True,168,168,273,tidy_all(library),False
274,0,51.627886,14.379522,37.247248,0,12,True,169,169,274,tidy_all(library),False
275,0,38.471489,10.399541,28.070925,0,10,True,170,170,275,tidy_all(library),False
276,0,9.138288,9.137836,0,0,6,False,170,170,276,tidy_all(library),False
277,0,28.310674,8.663184,19.642165,0,12,True,171,171,277,tidy_all(library),False
278,0,49.232554,14.882157,34.345431,0,10,True,172,172,278,tidy_all(library),False
279,0,42.267092,14.092487,28.173439,0,10,True,173,173,279,tidy_all(library),False
280,0,49.784465,18.324628,31.455079,0,10,True,174,174,280,tidy_all(library),False
281,0,45.260396,13.565094,31.691562,0,10,True,175,175,281,tidy_all(library),False
282,0,10.614583,10.236519,0.377065,0,6,True,176,176,282,tidy_all(library),False
283,0,13.616424,13.615956,0,0,8,False,161,176,283,tidy_all(library),False
284,0,10.629203,10.628498,0,0,6,False,167,176,284,tidy_all(library),False
285,0,10.393544,10.393032,0,0,6,False,173,176,285,tidy_all(library),False
286,0,15.570808,15.569991,0,0,6,False,174,176,286,tidy_all(library),False
287,0,12.493473,12.492809,0,0,6,False,175,176,287,tidy_all(library),False
288,0,3.959871,3.959409,0,0,0,False,0,176,288,tidy_all(library),True
289,0,17.044015,14.93499,2.10796,0,21,True,177,177,289,tidy_all(library),False
290,0,17.265452,12.994905,4.269544,0,19,True,178,178,290,tidy_all(library),False
291,0,20.010253,20.009747,0,0,19,False,125,178,291,tidy_all(library),False
292,0,29.763865,17.390079,12.372843,0,15,True,179,179,292,tidy_all(library),False
293,0,26.903521,13.950587,12.951784,0,13,True,180,180,293,tidy_all(library),False
294,0,18.217188,18.216494,0,0,9,False,179,180,294,tidy_all(library),False
295,0,16.812551,12.989735,3.821786,0,19,True,181,181,295,tidy_all(library),False
296,0,13.015526,13.015012,0,0,17,False,131,181,296,tidy_all(library),False
297,0,12.671501,12.670951,0,0,15,False,132,181,297,tidy_all(library),False
298,0,15.486795,15.486216,0,0,13,False,133,181,298,tidy_all(library),False
299,0,9.561334,9.560801,0,0,11,False,134,181,299,tidy_all(library),False
300,0,15.182392,15.181748,0,0,7,False,134,181,300,tidy_all(library),False
301,0,23.230342,14.060303,9.168927,0,17,True,182,182,301,tidy_all(library),False
302,0,16.384163,16.383629,0,0,15,False,136,182,302,tidy_all(library),False
303,0,12.602785,12.6022,0,0,15,False,137,182,303,tidy_all(library),False
304,0,12.035468,12.034797,0,0,13,False,128,182,304,tidy_all(library),False
305,0,14.86087,14.860282,0,0,11,False,139,182,305,tidy_all(library),False
306,0,19.615654,19.61512,0,0,5,False,182,182,306,tidy_all(library),False
307,0,24.4033,14.07573,10.326106,0,15,True,183,183,307,tidy_all(library),False
308,0,14.162144,14.16034,0,0,13,False,141,183,308,tidy_all(library),False
309,0,16.144799,16.141206,0,0,13,False,142,183,309,tidy_all(library),False
310,0,9.577623,9.574006,0,0,13,False,143,183,310,tidy_all(library),False
311,0,16.638707,16.638134,0,0,11,False,144,183,311,tidy_all(library),False
312,0,17.086439,17.08578,0,0,7,False,143,183,312,tidy_all(library),False
313,0,31.3413,19.690884,11.648004,0,13,True,184,184,313,tidy_all(library),False
314,0,9.623465,9.622998,0,0,11,False,146,184,314,tidy_all(library),False
315,0,28.667426,28.666877,0,0,11,False,145,184,315,tidy_all(library),False
316,0,15.897361,15.896828,0,0,11,False,148,184,316,tidy_all(library),False
317,0,17.626541,17.625969,0,0,11,False,149,184,317,tidy_all(library),False
318,0,22.760657,22.76011,0,0,7,False,150,184,318,tidy_all(library),False
319,0,22.744162,22.743569,0,0,9,False,183,184,319,tidy_all(library),False
320,0,11.718058,11.717427,0,0,7,False,146,184,320,tidy_all(library),False
321,0,22.50571,22.505078,0,0,7,False,140,184,321,tidy_all(library),False
322,0,11.673617,11.673005,0,0,7,False,148,184,322,tidy_all(library),False
323,0,16.572842,16.572145,0,0,7,False,149,184,323,tidy_all(library),False
324,0,3.965619,3.964565,0,0,0,False,0,184,324,tidy_all(library),True
325,0,13.067982,11.347973,1.71868,0,22,True,185,185,325,tidy_all(library),False
326,0,16.581347,13.633463,2.946789,0,20,True,186,186,326,tidy_all(library),False
327,0,16.273061,12.219032,4.05259,0,18,True,187,187,327,tidy_all(library),False
328,0,15.665611,9.386373,6.278003,0,16,True,188,188,328,tidy_all(library),False
329,0,22.657787,13.09562,9.561064,0,14,True,189,189,329,tidy_all(library),False
330,0,10.126243,10.125665,0,0,10,False,188,189,330,tidy_all(library),False
331,0,13.621373,11.263332,2.35687,0,20,True,190,190,331,tidy_all(library),False
332,0,15.106035,11.062946,4.041837,0,18,True,191,191,332,tidy_all(library),False
333,0,21.662357,10.348424,11.312452,0,16,True,192,192,333,tidy_all(library),False
334,0,37.081778,37.081205,0,0,16,False,157,192,334,tidy_all(library),False
335,0,41.983566,15.742875,26.239357,0,12,True,193,193,335,tidy_all(library),False
336,0,15.420322,15.419622,0,0,8,False,193,193,336,tidy_all(library),False
337,0,15.387332,11.032488,4.353502,0,18,True,194,194,337,tidy_all(library),False
338,0,29.357913,16.234798,13.12183,0,16,True,195,195,338,tidy_all(library),False
339,0,14.648877,14.648164,0,0,14,False,163,195,339,tidy_all(library),False
340,0,19.216947,19.216213,0,0,12,False,164,195,340,tidy_all(library),False
341,0,15.524015,15.523303,0,0,10,False,165,195,341,tidy_all(library),False
342,0,25.991195,25.990608,0,0,6,False,164,195,342,tidy_all(library),False
343,0,14.541981,14.541196,0,0,18,False,156,195,343,tidy_all(library),False
344,0,28.184412,9.079935,19.103353,0,14,True,196,196,344,tidy_all(library),False
345,0,21.936784,21.936197,0,0,12,False,168,196,345,tidy_all(library),False
346,0,40.075359,40.073713,0,0,12,False,169,196,346,tidy_all(library),False
347,0,20.173225,20.170689,0,0,10,False,170,196,347,tidy_all(library),False
348,0,24.367362,24.366801,0,0,6,False,158,196,348,tidy_all(library),False
349,0,22.754368,14.441674,8.311499,0,14,True,197,197,349,tidy_all(library),False
350,0,59.145861,15.95134,43.192313,0,12,True,198,198,350,tidy_all(library),False
351,0,15.275846,15.275329,0,0,10,False,173,198,351,tidy_all(library),False
352,0,15.841152,15.840317,0,0,10,False,174,198,352,tidy_all(library),False
353,0,16.401366,16.400816,0,0,10,False,175,198,353,tidy_all(library),False
354,0,14.803495,14.802978,0,0,6,False,176,198,354,tidy_all(library),False
355,0,24.113723,24.113179,0,0,10,False,185,198,355,tidy_all(library),False
356,0,16.05335,16.052605,0,0,8,False,198,198,356,tidy_all(library),False
357,0,22.959252,22.958608,0,0,6,False,192,198,357,tidy_all(library),False
358,0,16.256303,16.255502,0,0,6,False,172,198,358,tidy_all(library),False
359,0,33.340985,33.339611,0,0,6,False,175,198,359,tidy_all(library),False
360,0,4.868978,4.866149,0,0,0,False,0,198,360,tidy_all(library),True
361,0,7.29414,5.826282,1.463099,0,23,True,199,199,361,tidy_all(library),False
362,0,9.166837,6.977757,2.182919,0,21,True,200,200,362,tidy_all(library),False
363,0,11.229782,7.494719,3.733903,0,19,True,201,201,363,tidy_all(library),False
364,0,16.254068,10.540312,5.712585,0,17,True,202,202,364,tidy_all(library),False
365,0,19.02383,9.964921,9.056612,0,15,True,203,203,365,tidy_all(library),False
366,0,10.023665,10.022925,0,0,11,False,203,203,366,tidy_all(library),False
367,0,11.017337,8.729999,2.285951,0,21,True,204,204,367,tidy_all(library),False
368,0,16.335942,12.228886,4.105343,0,19,True,205,205,368,tidy_all(library),False
369,0,21.50492,10.71589,10.787205,0,17,True,206,206,369,tidy_all(library),False
370,0,34.556929,10.636413,23.9192,0,15,True,207,207,370,tidy_all(library),False
371,0,105.768843,82.735657,23.032079,0,13,True,208,208,371,tidy_all(library),False
372,0,12.457285,12.456708,0,0,9,False,204,208,372,tidy_all(library),False
373,0,16.732928,13.412342,3.319068,0,19,True,209,209,373,tidy_all(library),False
374,0,39.841519,30.738628,9.10155,0,17,True,210,210,374,tidy_all(library),False
375,0,34.593446,10.804964,23.787237,0,15,True,211,211,375,tidy_all(library),False
376,0,70.638521,14.364173,56.273099,0,13,True,212,212,376,tidy_all(library),False
377,0,76.099433,25.887743,50.210265,0,11,True,213,213,377,tidy_all(library),False
378,0,13.512567,13.511888,0,0,7,False,211,213,378,tidy_all(library),False
379,0,16.294518,10.455033,5.838275,0,17,True,214,214,379,tidy_all(library),False
380,0,26.134376,10.556429,15.576892,0,15,True,215,215,380,tidy_all(library),False
381,0,54.301109,21.645402,32.65455,0,13,True,216,216,381,tidy_all(library),False
382,0,77.599232,10.404793,67.191243,0,11,True,217,217,382,tidy_all(library),False
383,0,56.713474,21.677379,35.034649,0,9,True,218,218,383,tidy_all(library),False
384,0,15.791299,15.79077,0,0,5,False,214,218,384,tidy_all(library),False
385,0,75.631354,75.630751,0,0,17,False,182,218,385,tidy_all(library),False
386,0,55.892042,32.449023,23.441732,0,13,True,219,219,386,tidy_all(library),False
387,0,103.565652,42.321073,61.243414,0,11,True,220,220,387,tidy_all(library),False
388,0,120.995847,75.422709,45.571744,0,9,True,221,221,388,tidy_all(library),False
389,0,32.408156,14.75173,17.654654,0,7,True,222,222,389,tidy_all(library),False
390,0,26.401776,26.401225,0,0,3,False,221,222,390,tidy_all(library),False
391,0,11.201501,11.200605,0,0,11,False,209,222,391,tidy_all(library),False
392,0,20.445227,20.444566,0,0,9,False,200,222,392,tidy_all(library),False
393,0,16.493091,16.492095,0,0,7,False,220,222,393,tidy_all(library),False
394,0,20.627469,20.626835,0,0,5,False,207,222,394,tidy_all(library),False
395,0,89.53458,89.533994,0,0,3,False,213,222,395,tidy_all(library),False
396,0,5.827319,5.82675,0,0,0,False,0,222,396,tidy_all(library),True
397,0,7.447027,6.243362,1.201704,0,24,True,223,223,397,tidy_all(library),False
398,0,7.444433,5.592573,1.846883,0,22,True,224,224,398,tidy_all(library),False
399,0,11.593533,9.726608,1.865753,0,20,True,225,225,399,tidy_all(library),False
400,0,15.908827,12.895479,3.012018,0,18,True,226,226,400,tidy_all(library),False
401,0,15.864647,11.6533,4.209518,0,16,True,227,227,401,tidy_all(library),False
402,0,27.862183,27.861502,0,0,12,False,224,227,402,tidy_all(library),False
403,0,11.280036,9.618301,1.660085,0,22,True,228,228,403,tidy_all(library),False
404,0,9.245271,6.972774,2.271109,0,20,True,229,229,404,tidy_all(library),False
405,0,12.709971,7.368162,5.340665,0,18,True,230,230,405,tidy_all(library),False
406,0,26.632103,17.579164,9.051762,0,16,True,231,231,406,tidy_all(library),False
407,0,27.108342,15.930769,11.176406,0,14,True,232,232,407,tidy_all(library),False
408,0,63.302767,63.302037,0,0,10,False,232,232,408,tidy_all(library),False
409,0,16.381915,14.084045,2.296577,0,20,True,233,233,409,tidy_all(library),False
410,0,20.712422,17.61905,3.091673,0,18,True,234,234,410,tidy_all(library),False
411,0,25.202589,16.250509,8.950903,0,16,True,235,235,411,tidy_all(library),False
412,0,24.361777,8.454547,15.906001,0,14,True,236,236,412,tidy_all(library),False
413,0,40.232863,10.102597,30.128817,0,12,True,237,237,413,tidy_all(library),False
414,0,32.28351,32.282443,0,0,8,False,233,237,414,tidy_all(library),False
415,0,18.05359,15.535288,2.516853,0,18,True,238,238,415,tidy_all(library),False
416,0,23.761288,15.866991,7.892914,0,16,True,239,239,416,tidy_all(library),False
417,0,40.038335,12.770167,27.266994,0,14,True,240,240,417,tidy_all(library),False
418,0,54.529788,19.581198,34.947401,0,12,True,241,241,418,tidy_all(library),False
419,0,45.049606,13.243244,31.805102,0,10,True,242,242,419,tidy_all(library),False
420,0,43.019765,43.019195,0,0,6,False,239,242,420,tidy_all(library),False
421,0,18.007187,14.041443,3.964346,0,16,True,243,243,421,tidy_all(library),False
422,0,22.476041,12.978584,9.49503,0,14,True,244,244,422,tidy_all(library),False
423,0,36.314494,13.322965,22.99031,0,12,True,245,245,423,tidy_all(library),False
424,0,56.664318,19.069769,37.591734,0,10,True,246,246,424,tidy_all(library),False
425,0,20.606849,16.410126,4.195235,0,8,True,247,247,425,tidy_all(library),False
426,0,79.545262,79.544524,0,0,4,False,246,247,426,tidy_all(library),False
427,0,36.281054,36.280249,0,0,12,False,223,247,427,tidy_all(library),False
428,0,70.631583,18.371858,52.257929,0,10,True,248,248,428,tidy_all(library),False
429,0,35.318206,35.317392,0,0,8,False,230,248,429,tidy_all(library),False
430,0,107.714779,107.713286,0,0,6,False,241,248,430,tidy_all(library),False
431,0,81.633373,81.632485,0,0,4,False,247,248,431,tidy_all(library),False
432,0,6.774609,6.773937,0,0,0,False,0,248,432,tidy_all(library),True
433,0,18.030548,11.854033,6.175021,0,19,True,249,249,433,tidy_all(library),False
434,0,33.629232,21.76722,11.856097,0,17,True,250,250,434,tidy_all(library),False
435,0,73.759092,51.672861,22.080429,0,15,True,251,251,435,tidy_all(library),False
436,0,69.133768,22.184701,46.947414,0,13,True,252,252,436,tidy_all(library),False
437,0,63.488121,26.042359,37.444262,0,11,True,253,253,437,tidy_all(library),False
438,0,50.277447,50.276804,0,0,7,False,252,253,438,tidy_all(library),False
439,0,18.511216,11.709346,6.800028,0,18,True,254,254,439,tidy_all(library),False
440,0,43.703843,18.005948,25.696284,0,16,True,255,255,440,tidy_all(library),False
441,0,90.071899,26.07449,63.99587,0,14,True,256,256,441,tidy_all(library),False
442,0,107.032098,34.55647,72.474298,0,12,True,257,257,442,tidy_all(library),False
443,0,77.951479,26.967404,50.982872,0,10,True,258,258,443,tidy_all(library),False
444,0,48.611047,48.610439,0,0,6,False,255,258,444,tidy_all(library),False
445,0,31.209869,31.208841,0,0,19,False,249,258,445,tidy_all(library),False
446,0,51.306847,51.306161,0,0,17,False,250,258,446,tidy_all(library),False
447,0,102.397985,102.397326,0,0,15,False,251,258,447,tidy_all(library),False
448,0,60.880685,60.879953,0,0,13,False,252,258,448,tidy_all(library),False
449,0,43.096535,43.09572,0,0,11,False,253,258,449,tidy_all(library),False
450,0,56.272155,56.271188,0,0,7,False,249,258,450,tidy_all(library),False
451,0,30.466783,30.465714,0,0,18,False,254,258,451,tidy_all(library),False
452,0,79.227014,79.226066,0,0,16,False,255,258,452,tidy_all(library),False
453,0,29.572672,29.571961,0,0,14,False,256,258,453,tidy_all(library),False
454,0,27.653503,27.652734,0,0,12,False,257,258,454,tidy_all(library),False
455,0,259.524544,259.522798,0,0,10,False,258,258,455,tidy_all(library),False
456,0,96.427806,96.422054,0,0,6,False,258,258,456,tidy_all(library),False
457,0,21.751584,10.869007,10.880858,0,15,True,259,259,457,tidy_all(library),False
458,0,58.067897,13.559492,44.507116,0,13,True,260,260,458,tidy_all(library),False
459,0,59.727295,17.726196,41.999832,0,11,True,261,261,459,tidy_all(library),False
460,0,52.565647,17.884139,34.675231,0,9,True,262,262,460,tidy_all(library),False
461,0,39.806196,15.608452,24.189725,0,7,True,263,263,461,tidy_all(library),False
462,0,206.121597,206.120958,0,0,3,False,259,263,462,tidy_all(library),False
463,0,22.517186,12.055943,10.45926,0,14,True,264,264,463,tidy_all(library),False
464,0,40.787638,17.485614,23.300489,0,12,True,265,265,464,tidy_all(library),False
465,0,49.283395,17.544072,31.738101,0,10,True,266,266,465,tidy_all(library),False
466,0,18.528493,17.908453,0.618732,0,8,True,267,267,466,tidy_all(library),False
467,0,18.084215,17.378551,0.704379,0,6,True,268,268,467,tidy_all(library),False
468,0,17.492016,17.491392,0,0,1,False,268,268,468,tidy_all(library),False
469,0,15.403889,10.889748,4.51008,0,18,True,269,269,469,tidy_all(library),False
470,0,84.877887,76.386429,8.490152,0,16,True,270,270,470,tidy_all(library),False
471,0,68.682821,52.89768,15.783737,0,14,True,271,271,471,tidy_all(library),False
472,0,189.345934,160.803069,28.541524,0,12,True,272,272,472,tidy_all(library),False
473,0,83.506373,31.33812,52.166974,0,10,True,273,273,473,tidy_all(library),False
474,0,20.818742,20.818073,0,0,6,False,270,273,474,tidy_all(library),False
475,0,18.406636,10.763831,7.641115,0,17,True,274,274,475,tidy_all(library),False
476,0,223.290312,204.614426,18.674586,0,15,True,275,275,476,tidy_all(library),False
477,0,202.502434,170.142426,32.358763,0,13,True,276,276,477,tidy_all(library),False
478,0,130.738104,86.67852,44.058278,0,11,True,277,277,478,tidy_all(library),False
479,0,178.416377,138.006457,40.408547,0,9,True,278,278,479,tidy_all(library),False
480,0,24.269668,24.268972,0,0,5,False,275,278,480,tidy_all(library),False
481,0,63.822974,63.819695,0,0,18,False,269,278,481,tidy_all(library),False
482,0,25.398739,25.397807,0,0,16,False,270,278,482,tidy_all(library),False
483,0,24.80591,24.805198,0,0,14,False,271,278,483,tidy_all(library),False
484,0,243.024434,243.02362,0,0,12,False,272,278,484,tidy_all(library),False
485,0,320.187348,320.186439,0,0,10,False,273,278,485,tidy_all(library),False
486,0,207.637333,207.636622,0,0,6,False,269,278,486,tidy_all(library),False
487,0,216.384114,216.383366,0,0,17,False,274,278,487,tidy_all(library),False
488,0,57.561402,57.560665,0,0,15,False,275,278,488,tidy_all(library),False
489,0,241.093163,241.092465,0,0,13,False,276,278,489,tidy_all(library),False
490,0,30.061183,30.060462,0,0,11,False,277,278,490,tidy_all(library),False
491,0,40.988809,40.988105,0,0,9,False,278,278,491,tidy_all(library),False
492,0,76.002907,76.002155,0,0,5,False,276,278,492,tidy_all(library),False
493,0,16.750049,10.103614,6.644825,0,14,True,279,279,493,tidy_all(library),False
494,0,68.613176,38.93639,29.675463,0,12,True,280,280,494,tidy_all(library),False
495,0,74.397081,19.025801,55.36991,0,10,True,281,281,495,tidy_all(library),False
496,0,48.512408,18.199522,30.31124,0,8,True,282,282,496,tidy_all(library),False
497,0,20.771886,19.801729,0.968263,0,6,True,283,283,497,tidy_all(library),False
498,0,19.646129,19.64534,0,0,2,False,280,283,498,tidy_all(library),False
499,0,20.864747,10.426249,10.437031,0,13,True,284,284,499,tidy_all(library),False
500,0,41.166675,17.171679,23.993317,0,11,True,285,285,500,tidy_all(library),False
501,0,42.057377,18.930848,23.123766,0,9,True,286,286,501,tidy_all(library),False
502,0,18.585447,18.089056,0.489371,0,7,True,287,287,502,tidy_all(library),False
503,0,90.136332,89.754594,0.374918,0,5,True,288,288,503,tidy_all(library),False
504,0,14.800303,14.799673,0,0,1,False,287,288,504,tidy_all(library),False
505,0,18.588039,13.859465,4.727196,0,19,True,289,289,505,tidy_all(library),False
506,0,32.981768,20.161218,12.819223,0,17,True,290,290,506,tidy_all(library),False
507,0,52.130208,29.993831,22.134944,0,15,True,291,291,507,tidy_all(library),False
508,0,67.162892,25.608319,41.553146,0,13,True,292,292,508,tidy_all(library),False
509,0,125.33864,94.313117,31.024167,0,11,True,293,293,509,tidy_all(library),False
510,0,51.753409,51.752707,0,0,7,False,291,293,510,tidy_all(library),False
511,0,19.995303,13.740987,6.252798,0,18,True,294,294,511,tidy_all(library),False
512,0,82.576548,67.456044,15.119111,0,16,True,295,295,512,tidy_all(library),False
513,0,73.760696,25.378994,48.380128,0,14,True,296,296,513,tidy_all(library),False
514,0,122.519914,67.400968,55.110916,0,12,True,297,297,514,tidy_all(library),False
515,0,119.239716,60.346528,58.88723,0,10,True,298,298,515,tidy_all(library),False
516,0,30.55171,30.551069,0,0,6,False,295,298,516,tidy_all(library),False
517,0,32.310311,32.30957,0,0,19,False,289,298,517,tidy_all(library),False
518,0,114.323341,114.322573,0,0,17,False,290,298,518,tidy_all(library),False
519,0,105.459453,105.458246,0,0,15,False,291,298,519,tidy_all(library),False
520,0,81.050675,81.044401,0,0,13,False,292,298,520,tidy_all(library),False
521,0,24.608389,24.607144,0,0,11,False,293,298,521,tidy_all(library),False
522,0,29.800201,29.799391,0,0,7,False,292,298,522,tidy_all(library),False
523,0,68.896611,68.895556,0,0,18,False,294,298,523,tidy_all(library),False
524,0,29.473968,29.472814,0,0,16,False,295,298,524,tidy_all(library),False
525,0,64.474993,64.473769,0,0,14,False,296,298,525,tidy_all(library),False
526,0,19.062765,19.061993,0,0,12,False,297,298,526,tidy_all(library),False
527,0,123.553706,123.552914,0,0,10,False,298,298,527,tidy_all(library),False
528,0,75.211551,75.210708,0,0,6,False,296,298,528,tidy_all(library),False
529,0,28.480265,15.026184,13.452627,0,15,True,299,299,529,tidy_all(library),False
530,0,67.151836,34.660362,32.489151,0,13,True,300,300,530,tidy_all(library),False
531,0,76.317808,29.721843,46.594586,0,11,True,301,301,531,tidy_all(library),False
532,0,86.222557,53.643381,32.577711,0,9,True,302,302,532,tidy_all(library),False
533,0,53.622381,30.3255,23.295517,0,7,True,303,303,533,tidy_all(library),False
534,0,130.377758,130.377034,0,0,3,False,301,303,534,tidy_all(library),False
535,0,20.746146,14.535495,6.209248,0,14,True,304,304,535,tidy_all(library),False
536,0,34.344907,17.899469,16.444099,0,12,True,305,305,536,tidy_all(library),False
537,0,79.047887,23.025589,56.020875,0,10,True,306,306,537,tidy_all(library),False
538,0,19.113525,18.381414,0.730735,0,8,True,307,307,538,tidy_all(library),False
539,0,34.649521,33.547139,1.100964,0,6,True,308,308,539,tidy_all(library),False
540,0,13.463334,13.462701,0,0,1,False,308,308,540,tidy_all(library),False
541,0,16.540871,12.815526,3.723787,0,18,True,309,309,541,tidy_all(library),False
542,0,71.021028,60.756188,10.263399,0,16,True,310,310,542,tidy_all(library),False
543,0,43.46459,24.438768,19.024383,0,14,True,311,311,543,tidy_all(library),False
544,0,112.248462,83.825041,28.422009,0,12,True,312,312,544,tidy_all(library),False
545,0,338.245313,312.280457,25.963134,0,10,True,313,313,545,tidy_all(library),False
546,0,26.022866,26.022126,0,0,6,False,310,313,546,tidy_all(library),False
547,0,20.631989,14.501692,6.128703,0,17,True,314,314,547,tidy_all(library),False
548,0,49.963491,34.424344,15.537674,0,15,True,315,315,548,tidy_all(library),False
549,0,402.285551,360.945519,41.3386,0,13,True,316,316,549,tidy_all(library),False
550,0,222.4105,166.363389,56.044135,0,11,True,317,317,550,tidy_all(library),False
551,0,254.672594,218.301026,36.370104,0,9,True,318,318,551,tidy_all(library),False
552,0,27.474426,27.473717,0,0,5,False,316,318,552,tidy_all(library),False
553,0,182.559309,182.558572,0,0,18,False,309,318,553,tidy_all(library),False
554,0,119.151194,119.150414,0,0,16,False,310,318,554,tidy_all(library),False
555,0,679.864978,679.863928,0,0,14,False,311,318,555,tidy_all(library),False
556,0,419.612045,419.610938,0,0,12,False,312,318,556,tidy_all(library),False
557,0,151.780364,151.779314,0,0,10,False,313,318,557,tidy_all(library),False
558,0,26.396264,26.394783,0,0,6,False,309,318,558,tidy_all(library),False
559,0,396.66111,396.654561,0,0,17,False,314,318,559,tidy_all(library),False
560,0,292.038648,292.037837,0,0,15,False,315,318,560,tidy_all(library),False
561,0,261.180699,261.179605,0,0,13,False,316,318,561,tidy_all(library),False
562,0,413.081983,413.080962,0,0,11,False,317,318,562,tidy_all(library),False
563,0,76.750379,76.749593,0,0,9,False,318,318,563,tidy_all(library),False
564,0,26.601727,26.600692,0,0,5,False,317,318,564,tidy_all(library),False
565,0,18.682877,11.668922,7.01259,0,14,True,319,319,565,tidy_all(library),False
566,0,44.520856,28.326791,16.192409,0,12,True,320,320,566,tidy_all(library),False
567,0,76.967103,33.419657,43.545305,0,10,True,321,321,567,tidy_all(library),False
568,0,38.787858,22.384939,16.400929,0,8,True,322,322,568,tidy_all(library),False
569,0,180.630367,180.186906,0.441891,0,6,True,323,323,569,tidy_all(library),False
570,0,67.239541,67.238831,0,0,2,False,323,323,570,tidy_all(library),False
571,0,20.928324,12.027504,8.899077,0,13,True,324,324,571,tidy_all(library),False
572,0,46.175148,23.435101,22.738065,0,11,True,325,325,572,tidy_all(library),False
573,0,75.042446,26.280918,48.759827,0,9,True,326,326,573,tidy_all(library),False
574,0,21.161865,20.644741,0.515748,0,7,True,327,327,574,tidy_all(library),False
575,0,35.420729,35.038531,0.38051,0,5,True,328,328,575,tidy_all(library),False
576,0,21.484074,21.483118,0,0,1,False,304,328,576,tidy_all(library),False
